{
  "bestCorrelation": 0.27121687482098444,
  "bestWeights": {
    "k_factor": 449.6931233893067,
    "bb_factor": 5.549093926628197e-10,
    "hr_factor": 8.559538157302382e-10,
    "avg_factor": 4.29484317604066e-9,
    "babip_factor": 8.687873055946168e-10,
    "obp_factor": 1.7561649385247368e-9,
    "slg_factor": 5.712306511809318e-9,
    "woba_factor": 3.442574996225933e-9,
    "wrc_factor": 2.0951977757651306e-11,
    "gdp_factor": 5916.991661787457
  }
}