{
  "bestCorrelation": 0.4378234636825668,
  "bestWeights": {
    "k_factor": 0.6289525851093505,
    "bb_factor": 4.42411983540496e-9,
    "discipline_cap": 36.62717145666517,
    "hr_factor": 1.1684289194892743,
    "power_cap": 48.240383702845506,
    "obp_factor": 17.456648324402288,
    "slg_factor": 457.1903102111327,
    "onbase_cap": 0.7375199799379726,
    "babip_weight": 2.463386156755644,
    "wrc_factor": 2.361483829756537,
    "gdp_factor": 3.103662636001825,
    "gdp_cap": 34.15438019748406
  }
}